{"cameraMode":{"drawMode":0,"name":"Shaded","section":"Shading Mode"},"sceneLighting":true,"audioPlay":false,"sceneViewState":{"m_AlwaysRefresh":false,"showFog":true,"showSkybox":false,"showFlares":true,"showImageEffects":true,"showParticleSystems":true,"showVisualEffectGraphs":true,"m_FxEnabled":true},"in2DMode":false,"pivot":{"x":23.945938110351564,"y":36.602272033691409,"z":61.754634857177737},"rotation":{"x":0.012297607958316803,"y":-0.3601005971431732,"z":-0.0047688973136246208,"w":-0.9328528642654419},"size":2.509526252746582,"orthographic":false}