{"cameraMode":{"drawMode":0,"name":"Shaded","section":"Shading Mode"},"sceneLighting":false,"audioPlay":false,"sceneViewState":{"m_AlwaysRefresh":false,"showFog":true,"showSkybox":false,"showFlares":true,"showImageEffects":true,"showParticleSystems":true,"showVisualEffectGraphs":true,"m_FxEnabled":true},"in2DMode":false,"pivot":{"x":79.01583862304688,"y":46.039939880371097,"z":55.48896408081055},"rotation":{"x":-0.055554598569869998,"y":0.7373090982437134,"z":-0.061287567019462588,"w":-0.6705482006072998},"size":7.538195610046387,"orthographic":false}